"","ctv","month","total"
"1","Bayesian",2012-10-01,94
"2","Bayesian",2012-11-01,506
"3","Bayesian",2012-12-01,549
"4","Bayesian",2013-01-01,734
"5","Bayesian",2013-02-01,1099
"6","Bayesian",2013-03-01,1603
"7","Bayesian",2013-04-01,1963
"8","Bayesian",2013-05-01,1642
"9","Bayesian",2013-06-01,1992
"10","Bayesian",2013-07-01,1769
"11","Bayesian",2013-08-01,1752
"12","Bayesian",2013-09-01,2120
"13","Bayesian",2013-10-01,1990
"14","Bayesian",2013-11-01,2148
"15","Bayesian",2013-12-01,1952
"16","Bayesian",2014-01-01,2683
"17","Bayesian",2014-02-01,3089
"18","Bayesian",2014-03-01,3111
"19","Bayesian",2014-04-01,3502
"20","Bayesian",2014-05-01,2659
"21","Bayesian",2014-06-01,2595
"22","Bayesian",2014-07-01,3302
"23","Bayesian",2014-08-01,4259
"24","Bayesian",2014-09-01,4347
"25","Bayesian",2014-10-01,4451
"26","Bayesian",2014-11-01,4444
"27","Bayesian",2014-12-01,3826
"28","Bayesian",2015-01-01,5298
"29","Bayesian",2015-02-01,4597
"30","Bayesian",2015-03-01,5803
"31","Bayesian",2015-04-01,6215
"32","Bayesian",2015-05-01,5459
"33","Bayesian",2015-06-01,5227
"34","Bayesian",2015-07-01,4549
"35","Bayesian",2015-08-01,5066
"36","Bayesian",2015-09-01,4860
"37","Bayesian",2015-10-01,4889
"38","Bayesian",2015-11-01,4790
"39","Bayesian",2015-12-01,4318
"40","Bayesian",2016-01-01,4903
"41","Bayesian",2016-02-01,4391
"42","Bayesian",2016-03-01,5292
"43","Bayesian",2016-04-01,8012
"44","Bayesian",2016-05-01,6094
"45","Bayesian",2016-06-01,4915
"46","Bayesian",2016-07-01,5371
"47","Bayesian",2016-08-01,4731
"48","Bayesian",2016-09-01,4767
"49","Bayesian",2016-10-01,5781
"50","Bayesian",2016-11-01,5947
"51","Bayesian",2016-12-01,4370
"52","Bayesian",2017-01-01,4900
"53","Bayesian",2017-02-01,5052
"54","Bayesian",2017-03-01,5934
"55","Bayesian",2017-04-01,9216
"56","Bayesian",2017-05-01,7860
"57","Bayesian",2017-06-01,5168
"58","Bayesian",2017-07-01,5418
"59","Bayesian",2017-08-01,4429
"60","Bayesian",2017-09-01,5270
"61","Bayesian",2017-10-01,7595
"62","Bayesian",2017-11-01,4789
"63","Bayesian",2017-12-01,3494
"64","Bayesian",2018-01-01,6905
"65","Bayesian",2018-02-01,3807
"66","Bayesian",2018-03-01,4731
"67","Bayesian",2018-04-01,5776
"68","Bayesian",2018-05-01,8108
"69","Bayesian",2018-06-01,8583
"70","Bayesian",2018-07-01,6362
"71","Bayesian",2018-08-01,5531
"72","Bayesian",2018-09-01,11605
"73","Bayesian",2018-10-01,16746
"74","Bayesian",2018-11-01,16954
"75","Bayesian",2018-12-01,14096
"76","Bayesian",2019-01-01,15849
"77","Bayesian",2019-02-01,18693
"78","Bayesian",2019-03-01,18417
"79","Bayesian",2019-04-01,21609
"80","Bayesian",2019-05-01,29661
"81","Bayesian",2019-06-01,25556
"82","Bayesian",2019-07-01,22706
"83","Bayesian",2019-08-01,6107
"84","Cluster",2012-10-01,30
"85","Cluster",2012-11-01,124
"86","Cluster",2012-12-01,197
"87","Cluster",2013-01-01,250
"88","Cluster",2013-02-01,269
"89","Cluster",2013-03-01,309
"90","Cluster",2013-04-01,403
"91","Cluster",2013-05-01,371
"92","Cluster",2013-06-01,758
"93","Cluster",2013-07-01,402
"94","Cluster",2013-08-01,413
"95","Cluster",2013-09-01,668
"96","Cluster",2013-10-01,440
"97","Cluster",2013-11-01,433
"98","Cluster",2013-12-01,464
"99","Cluster",2014-01-01,620
"100","Cluster",2014-02-01,676
"101","Cluster",2014-03-01,897
"102","Cluster",2014-04-01,1096
"103","Cluster",2014-05-01,721
"104","Cluster",2014-06-01,668
"105","Cluster",2014-07-01,728
"106","Cluster",2014-08-01,1175
"107","Cluster",2014-09-01,897
"108","Cluster",2014-10-01,966
"109","Cluster",2014-11-01,1115
"110","Cluster",2014-12-01,910
"111","Cluster",2015-01-01,1167
"112","Cluster",2015-02-01,1066
"113","Cluster",2015-03-01,1437
"114","Cluster",2015-04-01,1512
"115","Cluster",2015-05-01,1290
"116","Cluster",2015-06-01,1374
"117","Cluster",2015-07-01,1030
"118","Cluster",2015-08-01,1161
"119","Cluster",2015-09-01,1186
"120","Cluster",2015-10-01,1267
"121","Cluster",2015-11-01,1199
"122","Cluster",2015-12-01,1083
"123","Cluster",2016-01-01,1167
"124","Cluster",2016-02-01,1710
"125","Cluster",2016-03-01,1599
"126","Cluster",2016-04-01,1196
"127","Cluster",2016-05-01,1240
"128","Cluster",2016-06-01,1248
"129","Cluster",2016-07-01,1106
"130","Cluster",2016-08-01,880
"131","Cluster",2016-09-01,1010
"132","Cluster",2016-10-01,1365
"133","Cluster",2016-11-01,1446
"134","Cluster",2016-12-01,1208
"135","Cluster",2017-01-01,1123
"136","Cluster",2017-02-01,1132
"137","Cluster",2017-03-01,1416
"138","Cluster",2017-04-01,1696
"139","Cluster",2017-05-01,1416
"140","Cluster",2017-06-01,1086
"141","Cluster",2017-07-01,1390
"142","Cluster",2017-08-01,1079
"143","Cluster",2017-09-01,1020
"144","Cluster",2017-10-01,1378
"145","Cluster",2017-11-01,1260
"146","Cluster",2017-12-01,923
"147","Cluster",2018-01-01,1065
"148","Cluster",2018-02-01,802
"149","Cluster",2018-03-01,1311
"150","Cluster",2018-04-01,1558
"151","Cluster",2018-05-01,1379
"152","Cluster",2018-06-01,1200
"153","Cluster",2018-07-01,1031
"154","Cluster",2018-08-01,3588
"155","Cluster",2018-09-01,1655
"156","Cluster",2018-10-01,1927
"157","Cluster",2018-11-01,1821
"158","Cluster",2018-12-01,1860
"159","Cluster",2019-01-01,1715
"160","Cluster",2019-02-01,1516
"161","Cluster",2019-03-01,2115
"162","Cluster",2019-04-01,1940
"163","Cluster",2019-05-01,3173
"164","Cluster",2019-06-01,1614
"165","Cluster",2019-07-01,3550
"166","Cluster",2019-08-01,844
"167","Databases",2012-10-01,0
"168","Databases",2012-11-01,0
"169","Databases",2012-12-01,0
"170","Databases",2013-01-01,0
"171","Databases",2013-02-01,0
"172","Databases",2013-03-01,0
"173","Databases",2013-04-01,0
"174","Databases",2013-05-01,0
"175","Databases",2013-06-01,0
"176","Databases",2013-07-01,0
"177","Databases",2013-08-01,0
"178","Databases",2013-09-01,0
"179","Databases",2013-10-01,0
"180","Databases",2013-11-01,0
"181","Databases",2013-12-01,0
"182","Databases",2014-01-01,0
"183","Databases",2014-02-01,0
"184","Databases",2014-03-01,0
"185","Databases",2014-04-01,0
"186","Databases",2014-05-01,0
"187","Databases",2014-06-01,0
"188","Databases",2014-07-01,0
"189","Databases",2014-08-01,0
"190","Databases",2014-09-01,0
"191","Databases",2014-10-01,0
"192","Databases",2014-11-01,0
"193","Databases",2014-12-01,0
"194","Databases",2015-01-01,0
"195","Databases",2015-02-01,0
"196","Databases",2015-03-01,0
"197","Databases",2015-04-01,0
"198","Databases",2015-05-01,0
"199","Databases",2015-06-01,0
"200","Databases",2015-07-01,0
"201","Databases",2015-08-01,0
"202","Databases",2015-09-01,0
"203","Databases",2015-10-01,0
"204","Databases",2015-11-01,0
"205","Databases",2015-12-01,0
"206","Databases",2016-01-01,0
"207","Databases",2016-02-01,0
"208","Databases",2016-03-01,0
"209","Databases",2016-04-01,0
"210","Databases",2016-05-01,0
"211","Databases",2016-06-01,0
"212","Databases",2016-07-01,0
"213","Databases",2016-08-01,0
"214","Databases",2016-09-01,0
"215","Databases",2016-10-01,0
"216","Databases",2016-11-01,0
"217","Databases",2016-12-01,0
"218","Databases",2017-01-01,0
"219","Databases",2017-02-01,0
"220","Databases",2017-03-01,0
"221","Databases",2017-04-01,0
"222","Databases",2017-05-01,0
"223","Databases",2017-06-01,0
"224","Databases",2017-07-01,299
"225","Databases",2017-08-01,514
"226","Databases",2017-09-01,351
"227","Databases",2017-10-01,401
"228","Databases",2017-11-01,1433
"229","Databases",2017-12-01,312
"230","Databases",2018-01-01,704
"231","Databases",2018-02-01,320
"232","Databases",2018-03-01,422
"233","Databases",2018-04-01,359
"234","Databases",2018-05-01,430
"235","Databases",2018-06-01,384
"236","Databases",2018-07-01,524
"237","Databases",2018-08-01,511
"238","Databases",2018-09-01,779
"239","Databases",2018-10-01,852
"240","Databases",2018-11-01,955
"241","Databases",2018-12-01,823
"242","Databases",2019-01-01,1485
"243","Databases",2019-02-01,2025
"244","Databases",2019-03-01,1597
"245","Databases",2019-04-01,950
"246","Databases",2019-05-01,1467
"247","Databases",2019-06-01,743
"248","Databases",2019-07-01,773
"249","Databases",2019-08-01,195
"250","DifferentialEquations",2012-10-01,51
"251","DifferentialEquations",2012-11-01,163
"252","DifferentialEquations",2012-12-01,205
"253","DifferentialEquations",2013-01-01,239
"254","DifferentialEquations",2013-02-01,282
"255","DifferentialEquations",2013-03-01,361
"256","DifferentialEquations",2013-04-01,452
"257","DifferentialEquations",2013-05-01,309
"258","DifferentialEquations",2013-06-01,252
"259","DifferentialEquations",2013-07-01,220
"260","DifferentialEquations",2013-08-01,334
"261","DifferentialEquations",2013-09-01,334
"262","DifferentialEquations",2013-10-01,213
"263","DifferentialEquations",2013-11-01,263
"264","DifferentialEquations",2013-12-01,240
"265","DifferentialEquations",2014-01-01,516
"266","DifferentialEquations",2014-02-01,371
"267","DifferentialEquations",2014-03-01,601
"268","DifferentialEquations",2014-04-01,568
"269","DifferentialEquations",2014-05-01,517
"270","DifferentialEquations",2014-06-01,545
"271","DifferentialEquations",2014-07-01,936
"272","DifferentialEquations",2014-08-01,1371
"273","DifferentialEquations",2014-09-01,943
"274","DifferentialEquations",2014-10-01,887
"275","DifferentialEquations",2014-11-01,1050
"276","DifferentialEquations",2014-12-01,813
"277","DifferentialEquations",2015-01-01,1062
"278","DifferentialEquations",2015-02-01,922
"279","DifferentialEquations",2015-03-01,1409
"280","DifferentialEquations",2015-04-01,1292
"281","DifferentialEquations",2015-05-01,1221
"282","DifferentialEquations",2015-06-01,1640
"283","DifferentialEquations",2015-07-01,851
"284","DifferentialEquations",2015-08-01,1289
"285","DifferentialEquations",2015-09-01,1169
"286","DifferentialEquations",2015-10-01,1213
"287","DifferentialEquations",2015-11-01,1246
"288","DifferentialEquations",2015-12-01,972
"289","DifferentialEquations",2016-01-01,1171
"290","DifferentialEquations",2016-02-01,1267
"291","DifferentialEquations",2016-03-01,1731
"292","DifferentialEquations",2016-04-01,984
"293","DifferentialEquations",2016-05-01,975
"294","DifferentialEquations",2016-06-01,1082
"295","DifferentialEquations",2016-07-01,1273
"296","DifferentialEquations",2016-08-01,1023
"297","DifferentialEquations",2016-09-01,1168
"298","DifferentialEquations",2016-10-01,1647
"299","DifferentialEquations",2016-11-01,8949
"300","DifferentialEquations",2016-12-01,1018
"301","DifferentialEquations",2017-01-01,1075
"302","DifferentialEquations",2017-02-01,893
"303","DifferentialEquations",2017-03-01,2190
"304","DifferentialEquations",2017-04-01,2444
"305","DifferentialEquations",2017-05-01,1317
"306","DifferentialEquations",2017-06-01,1050
"307","DifferentialEquations",2017-07-01,4314
"308","DifferentialEquations",2017-08-01,3068
"309","DifferentialEquations",2017-09-01,5609
"310","DifferentialEquations",2017-10-01,1372
"311","DifferentialEquations",2017-11-01,1518
"312","DifferentialEquations",2017-12-01,3701
"313","DifferentialEquations",2018-01-01,1102
"314","DifferentialEquations",2018-02-01,708
"315","DifferentialEquations",2018-03-01,1328
"316","DifferentialEquations",2018-04-01,1533
"317","DifferentialEquations",2018-05-01,1417
"318","DifferentialEquations",2018-06-01,1083
"319","DifferentialEquations",2018-07-01,1400
"320","DifferentialEquations",2018-08-01,882
"321","DifferentialEquations",2018-09-01,2611
"322","DifferentialEquations",2018-10-01,2610
"323","DifferentialEquations",2018-11-01,2548
"324","DifferentialEquations",2018-12-01,2491
"325","DifferentialEquations",2019-01-01,2410
"326","DifferentialEquations",2019-02-01,2121
"327","DifferentialEquations",2019-03-01,2786
"328","DifferentialEquations",2019-04-01,2371
"329","DifferentialEquations",2019-05-01,4022
"330","DifferentialEquations",2019-06-01,4079
"331","DifferentialEquations",2019-07-01,3358
"332","DifferentialEquations",2019-08-01,786
"333","Distributions",2012-10-01,31
"334","Distributions",2012-11-01,513
"335","Distributions",2012-12-01,531
"336","Distributions",2013-01-01,927
"337","Distributions",2013-02-01,782
"338","Distributions",2013-03-01,966
"339","Distributions",2013-04-01,1187
"340","Distributions",2013-05-01,1077
"341","Distributions",2013-06-01,1071
"342","Distributions",2013-07-01,1013
"343","Distributions",2013-08-01,1006
"344","Distributions",2013-09-01,1509
"345","Distributions",2013-10-01,1405
"346","Distributions",2013-11-01,1582
"347","Distributions",2013-12-01,1131
"348","Distributions",2014-01-01,1527
"349","Distributions",2014-02-01,1874
"350","Distributions",2014-03-01,2042
"351","Distributions",2014-04-01,2471
"352","Distributions",2014-05-01,1852
"353","Distributions",2014-06-01,1667
"354","Distributions",2014-07-01,1665
"355","Distributions",2014-08-01,1799
"356","Distributions",2014-09-01,2028
"357","Distributions",2014-10-01,2479
"358","Distributions",2014-11-01,2477
"359","Distributions",2014-12-01,2149
"360","Distributions",2015-01-01,2704
"361","Distributions",2015-02-01,2739
"362","Distributions",2015-03-01,3908
"363","Distributions",2015-04-01,21209
"364","Distributions",2015-05-01,5170
"365","Distributions",2015-06-01,3415
"366","Distributions",2015-07-01,2337
"367","Distributions",2015-08-01,2670
"368","Distributions",2015-09-01,2811
"369","Distributions",2015-10-01,4215
"370","Distributions",2015-11-01,4542
"371","Distributions",2015-12-01,3439
"372","Distributions",2016-01-01,3922
"373","Distributions",2016-02-01,4644
"374","Distributions",2016-03-01,4592
"375","Distributions",2016-04-01,5654
"376","Distributions",2016-05-01,5284
"377","Distributions",2016-06-01,4057
"378","Distributions",2016-07-01,3701
"379","Distributions",2016-08-01,3274
"380","Distributions",2016-09-01,4735
"381","Distributions",2016-10-01,6066
"382","Distributions",2016-11-01,7053
"383","Distributions",2016-12-01,5414
"384","Distributions",2017-01-01,5476
"385","Distributions",2017-02-01,6142
"386","Distributions",2017-03-01,8501
"387","Distributions",2017-04-01,8002
"388","Distributions",2017-05-01,8021
"389","Distributions",2017-06-01,5865
"390","Distributions",2017-07-01,10597
"391","Distributions",2017-08-01,20312
"392","Distributions",2017-09-01,13933
"393","Distributions",2017-10-01,9165
"394","Distributions",2017-11-01,18444
"395","Distributions",2017-12-01,18660
"396","Distributions",2018-01-01,13151
"397","Distributions",2018-02-01,9884
"398","Distributions",2018-03-01,17040
"399","Distributions",2018-04-01,20873
"400","Distributions",2018-05-01,18397
"401","Distributions",2018-06-01,17343
"402","Distributions",2018-07-01,14393
"403","Distributions",2018-08-01,25454
"404","Distributions",2018-09-01,20369
"405","Distributions",2018-10-01,23254
"406","Distributions",2018-11-01,22421
"407","Distributions",2018-12-01,17746
"408","Distributions",2019-01-01,55879
"409","Distributions",2019-02-01,23491
"410","Distributions",2019-03-01,21273
"411","Distributions",2019-04-01,23132
"412","Distributions",2019-05-01,23175
"413","Distributions",2019-06-01,17404
"414","Distributions",2019-07-01,17401
"415","Distributions",2019-08-01,4836
"416","Econometrics",2012-10-01,408
"417","Econometrics",2012-11-01,6825
"418","Econometrics",2012-12-01,6934
"419","Econometrics",2013-01-01,12078
"420","Econometrics",2013-02-01,13199
"421","Econometrics",2013-03-01,17497
"422","Econometrics",2013-04-01,17159
"423","Econometrics",2013-05-01,17670
"424","Econometrics",2013-06-01,18353
"425","Econometrics",2013-07-01,16569
"426","Econometrics",2013-08-01,16257
"427","Econometrics",2013-09-01,20643
"428","Econometrics",2013-10-01,22112
"429","Econometrics",2013-11-01,23044
"430","Econometrics",2013-12-01,19407
"431","Econometrics",2014-01-01,22398
"432","Econometrics",2014-02-01,24693
"433","Econometrics",2014-03-01,43741
"434","Econometrics",2014-04-01,47939
"435","Econometrics",2014-05-01,35670
"436","Econometrics",2014-06-01,35154
"437","Econometrics",2014-07-01,32898
"438","Econometrics",2014-08-01,35081
"439","Econometrics",2014-09-01,35030
"440","Econometrics",2014-10-01,60403
"441","Econometrics",2014-11-01,48609
"442","Econometrics",2014-12-01,40113
"443","Econometrics",2015-01-01,59177
"444","Econometrics",2015-02-01,64686
"445","Econometrics",2015-03-01,75724
"446","Econometrics",2015-04-01,81807
"447","Econometrics",2015-05-01,71669
"448","Econometrics",2015-06-01,79916
"449","Econometrics",2015-07-01,93935
"450","Econometrics",2015-08-01,90861
"451","Econometrics",2015-09-01,82024
"452","Econometrics",2015-10-01,81825
"453","Econometrics",2015-11-01,534198
"454","Econometrics",2015-12-01,647614
"455","Econometrics",2016-01-01,112909
"456","Econometrics",2016-02-01,109939
"457","Econometrics",2016-03-01,146024
"458","Econometrics",2016-04-01,120072
"459","Econometrics",2016-05-01,134433
"460","Econometrics",2016-06-01,125339
"461","Econometrics",2016-07-01,112371
"462","Econometrics",2016-08-01,91137
"463","Econometrics",2016-09-01,92952
"464","Econometrics",2016-10-01,118086
"465","Econometrics",2016-11-01,145276
"466","Econometrics",2016-12-01,132477
"467","Econometrics",2017-01-01,129781
"468","Econometrics",2017-02-01,142398
"469","Econometrics",2017-03-01,175486
"470","Econometrics",2017-04-01,221501
"471","Econometrics",2017-05-01,244187
"472","Econometrics",2017-06-01,224459
"473","Econometrics",2017-07-01,248367
"474","Econometrics",2017-08-01,281879
"475","Econometrics",2017-09-01,234099
"476","Econometrics",2017-10-01,206011
"477","Econometrics",2017-11-01,231237
"478","Econometrics",2017-12-01,199784
"479","Econometrics",2018-01-01,198884
"480","Econometrics",2018-02-01,163106
"481","Econometrics",2018-03-01,240635
"482","Econometrics",2018-04-01,263783
"483","Econometrics",2018-05-01,242281
"484","Econometrics",2018-06-01,211448
"485","Econometrics",2018-07-01,215143
"486","Econometrics",2018-08-01,204760
"487","Econometrics",2018-09-01,294467
"488","Econometrics",2018-10-01,359851
"489","Econometrics",2018-11-01,387576
"490","Econometrics",2018-12-01,300432
"491","Econometrics",2019-01-01,373629
"492","Econometrics",2019-02-01,342373
"493","Econometrics",2019-03-01,389749
"494","Econometrics",2019-04-01,411539
"495","Econometrics",2019-05-01,454910
"496","Econometrics",2019-06-01,349930
"497","Econometrics",2019-07-01,397013
"498","Econometrics",2019-08-01,113850
"499","Environmetrics",2012-10-01,452
"500","Environmetrics",2012-11-01,10635
"501","Environmetrics",2012-12-01,12403
"502","Environmetrics",2013-01-01,18329
"503","Environmetrics",2013-02-01,20742
"504","Environmetrics",2013-03-01,28250
"505","Environmetrics",2013-04-01,31328
"506","Environmetrics",2013-05-01,31519
"507","Environmetrics",2013-06-01,30452
"508","Environmetrics",2013-07-01,29419
"509","Environmetrics",2013-08-01,27400
"510","Environmetrics",2013-09-01,36385
"511","Environmetrics",2013-10-01,45751
"512","Environmetrics",2013-11-01,47584
"513","Environmetrics",2013-12-01,37321
"514","Environmetrics",2014-01-01,44086
"515","Environmetrics",2014-02-01,49407
"516","Environmetrics",2014-03-01,69427
"517","Environmetrics",2014-04-01,72073
"518","Environmetrics",2014-05-01,62292
"519","Environmetrics",2014-06-01,58873
"520","Environmetrics",2014-07-01,56318
"521","Environmetrics",2014-08-01,58644
"522","Environmetrics",2014-09-01,64582
"523","Environmetrics",2014-10-01,83139
"524","Environmetrics",2014-11-01,82062
"525","Environmetrics",2014-12-01,76056
"526","Environmetrics",2015-01-01,81565
"527","Environmetrics",2015-02-01,89203
"528","Environmetrics",2015-03-01,129757
"529","Environmetrics",2015-04-01,184987
"530","Environmetrics",2015-05-01,169649
"531","Environmetrics",2015-06-01,183370
"532","Environmetrics",2015-07-01,130837
"533","Environmetrics",2015-08-01,118920
"534","Environmetrics",2015-09-01,129983
"535","Environmetrics",2015-10-01,152582
"536","Environmetrics",2015-11-01,810240
"537","Environmetrics",2015-12-01,701290
"538","Environmetrics",2016-01-01,177919
"539","Environmetrics",2016-02-01,193696
"540","Environmetrics",2016-03-01,209722
"541","Environmetrics",2016-04-01,195391
"542","Environmetrics",2016-05-01,245012
"543","Environmetrics",2016-06-01,210361
"544","Environmetrics",2016-07-01,188909
"545","Environmetrics",2016-08-01,166654
"546","Environmetrics",2016-09-01,200752
"547","Environmetrics",2016-10-01,250304
"548","Environmetrics",2016-11-01,297795
"549","Environmetrics",2016-12-01,272330
"550","Environmetrics",2017-01-01,280201
"551","Environmetrics",2017-02-01,326269
"552","Environmetrics",2017-03-01,376861
"553","Environmetrics",2017-04-01,379298
"554","Environmetrics",2017-05-01,373844
"555","Environmetrics",2017-06-01,331420
"556","Environmetrics",2017-07-01,304102
"557","Environmetrics",2017-08-01,338988
"558","Environmetrics",2017-09-01,323514
"559","Environmetrics",2017-10-01,338007
"560","Environmetrics",2017-11-01,396780
"561","Environmetrics",2017-12-01,322718
"562","Environmetrics",2018-01-01,357623
"563","Environmetrics",2018-02-01,322762
"564","Environmetrics",2018-03-01,428289
"565","Environmetrics",2018-04-01,491997
"566","Environmetrics",2018-05-01,440538
"567","Environmetrics",2018-06-01,434617
"568","Environmetrics",2018-07-01,401254
"569","Environmetrics",2018-08-01,389569
"570","Environmetrics",2018-09-01,544235
"571","Environmetrics",2018-10-01,707860
"572","Environmetrics",2018-11-01,730939
"573","Environmetrics",2018-12-01,620876
"574","Environmetrics",2019-01-01,776202
"575","Environmetrics",2019-02-01,728135
"576","Environmetrics",2019-03-01,852656
"577","Environmetrics",2019-04-01,885838
"578","Environmetrics",2019-05-01,926927
"579","Environmetrics",2019-06-01,757454
"580","Environmetrics",2019-07-01,744374
"581","Environmetrics",2019-08-01,228374
"582","Finance",2012-10-01,560
"583","Finance",2012-11-01,6879
"584","Finance",2012-12-01,7395
"585","Finance",2013-01-01,10846
"586","Finance",2013-02-01,13445
"587","Finance",2013-03-01,17771
"588","Finance",2013-04-01,19858
"589","Finance",2013-05-01,19699
"590","Finance",2013-06-01,20157
"591","Finance",2013-07-01,17813
"592","Finance",2013-08-01,17944
"593","Finance",2013-09-01,21776
"594","Finance",2013-10-01,24269
"595","Finance",2013-11-01,25493
"596","Finance",2013-12-01,20358
"597","Finance",2014-01-01,25767
"598","Finance",2014-02-01,28623
"599","Finance",2014-03-01,33082
"600","Finance",2014-04-01,38051
"601","Finance",2014-05-01,31738
"602","Finance",2014-06-01,30994
"603","Finance",2014-07-01,30689
"604","Finance",2014-08-01,37818
"605","Finance",2014-09-01,35304
"606","Finance",2014-10-01,43401
"607","Finance",2014-11-01,44863
"608","Finance",2014-12-01,39437
"609","Finance",2015-01-01,46155
"610","Finance",2015-02-01,44147
"611","Finance",2015-03-01,63568
"612","Finance",2015-04-01,109682
"613","Finance",2015-05-01,96347
"614","Finance",2015-06-01,105532
"615","Finance",2015-07-01,69489
"616","Finance",2015-08-01,64457
"617","Finance",2015-09-01,63955
"618","Finance",2015-10-01,72441
"619","Finance",2015-11-01,304717
"620","Finance",2015-12-01,365025
"621","Finance",2016-01-01,95794
"622","Finance",2016-02-01,82552
"623","Finance",2016-03-01,88909
"624","Finance",2016-04-01,96430
"625","Finance",2016-05-01,105089
"626","Finance",2016-06-01,99421
"627","Finance",2016-07-01,93207
"628","Finance",2016-08-01,75981
"629","Finance",2016-09-01,87481
"630","Finance",2016-10-01,114885
"631","Finance",2016-11-01,145932
"632","Finance",2016-12-01,128518
"633","Finance",2017-01-01,127075
"634","Finance",2017-02-01,161839
"635","Finance",2017-03-01,189409
"636","Finance",2017-04-01,185066
"637","Finance",2017-05-01,191749
"638","Finance",2017-06-01,175283
"639","Finance",2017-07-01,162134
"640","Finance",2017-08-01,174124
"641","Finance",2017-09-01,159202
"642","Finance",2017-10-01,156686
"643","Finance",2017-11-01,183633
"644","Finance",2017-12-01,153371
"645","Finance",2018-01-01,140099
"646","Finance",2018-02-01,136751
"647","Finance",2018-03-01,184510
"648","Finance",2018-04-01,218849
"649","Finance",2018-05-01,210663
"650","Finance",2018-06-01,187721
"651","Finance",2018-07-01,174737
"652","Finance",2018-08-01,171167
"653","Finance",2018-09-01,227182
"654","Finance",2018-10-01,297887
"655","Finance",2018-11-01,307218
"656","Finance",2018-12-01,256982
"657","Finance",2019-01-01,342625
"658","Finance",2019-02-01,328068
"659","Finance",2019-03-01,365006
"660","Finance",2019-04-01,392297
"661","Finance",2019-05-01,416994
"662","Finance",2019-06-01,303686
"663","Finance",2019-07-01,335109
"664","Finance",2019-08-01,106572
"665","FunctionalData",2012-10-01,0
"666","FunctionalData",2012-11-01,0
"667","FunctionalData",2012-12-01,0
"668","FunctionalData",2013-01-01,0
"669","FunctionalData",2013-02-01,0
"670","FunctionalData",2013-03-01,0
"671","FunctionalData",2013-04-01,0
"672","FunctionalData",2013-05-01,0
"673","FunctionalData",2013-06-01,0
"674","FunctionalData",2013-07-01,0
"675","FunctionalData",2013-08-01,0
"676","FunctionalData",2013-09-01,0
"677","FunctionalData",2013-10-01,0
"678","FunctionalData",2013-11-01,0
"679","FunctionalData",2013-12-01,0
"680","FunctionalData",2014-01-01,0
"681","FunctionalData",2014-02-01,0
"682","FunctionalData",2014-03-01,0
"683","FunctionalData",2014-04-01,0
"684","FunctionalData",2014-05-01,0
"685","FunctionalData",2014-06-01,0
"686","FunctionalData",2014-07-01,0
"687","FunctionalData",2014-08-01,0
"688","FunctionalData",2014-09-01,0
"689","FunctionalData",2014-10-01,0
"690","FunctionalData",2014-11-01,0
"691","FunctionalData",2014-12-01,0
"692","FunctionalData",2015-01-01,0
"693","FunctionalData",2015-02-01,0
"694","FunctionalData",2015-03-01,0
"695","FunctionalData",2015-04-01,0
"696","FunctionalData",2015-05-01,0
"697","FunctionalData",2015-06-01,0
"698","FunctionalData",2015-07-01,0
"699","FunctionalData",2015-08-01,0
"700","FunctionalData",2015-09-01,206
"701","FunctionalData",2015-10-01,277
"702","FunctionalData",2015-11-01,235
"703","FunctionalData",2015-12-01,208
"704","FunctionalData",2016-01-01,283
"705","FunctionalData",2016-02-01,230
"706","FunctionalData",2016-03-01,198
"707","FunctionalData",2016-04-01,165
"708","FunctionalData",2016-05-01,173
"709","FunctionalData",2016-06-01,132
"710","FunctionalData",2016-07-01,161
"711","FunctionalData",2016-08-01,106
"712","FunctionalData",2016-09-01,106
"713","FunctionalData",2016-10-01,146
"714","FunctionalData",2016-11-01,597
"715","FunctionalData",2016-12-01,406
"716","FunctionalData",2017-01-01,439
"717","FunctionalData",2017-02-01,352
"718","FunctionalData",2017-03-01,377
"719","FunctionalData",2017-04-01,757
"720","FunctionalData",2017-05-01,469
"721","FunctionalData",2017-06-01,386
"722","FunctionalData",2017-07-01,497
"723","FunctionalData",2017-08-01,416
"724","FunctionalData",2017-09-01,1849
"725","FunctionalData",2017-10-01,816
"726","FunctionalData",2017-11-01,736
"727","FunctionalData",2017-12-01,442
"728","FunctionalData",2018-01-01,646
"729","FunctionalData",2018-02-01,427
"730","FunctionalData",2018-03-01,546
"731","FunctionalData",2018-04-01,830
"732","FunctionalData",2018-05-01,781
"733","FunctionalData",2018-06-01,623
"734","FunctionalData",2018-07-01,591
"735","FunctionalData",2018-08-01,504
"736","FunctionalData",2018-09-01,1205
"737","FunctionalData",2018-10-01,954
"738","FunctionalData",2018-11-01,1018
"739","FunctionalData",2018-12-01,841
"740","FunctionalData",2019-01-01,1066
"741","FunctionalData",2019-02-01,1103
"742","FunctionalData",2019-03-01,1297
"743","FunctionalData",2019-04-01,1227
"744","FunctionalData",2019-05-01,1889
"745","FunctionalData",2019-06-01,842
"746","FunctionalData",2019-07-01,1499
"747","FunctionalData",2019-08-01,318
"748","HighPerformanceComputing",2012-10-01,26
"749","HighPerformanceComputing",2012-11-01,75
"750","HighPerformanceComputing",2012-12-01,68
"751","HighPerformanceComputing",2013-01-01,108
"752","HighPerformanceComputing",2013-02-01,115
"753","HighPerformanceComputing",2013-03-01,154
"754","HighPerformanceComputing",2013-04-01,153
"755","HighPerformanceComputing",2013-05-01,37
"756","HighPerformanceComputing",2013-06-01,9
"757","HighPerformanceComputing",2013-07-01,4
"758","HighPerformanceComputing",2013-08-01,44
"759","HighPerformanceComputing",2013-09-01,31
"760","HighPerformanceComputing",2013-10-01,17
"761","HighPerformanceComputing",2013-11-01,18
"762","HighPerformanceComputing",2013-12-01,27
"763","HighPerformanceComputing",2014-01-01,34
"764","HighPerformanceComputing",2014-02-01,24
"765","HighPerformanceComputing",2014-03-01,32
"766","HighPerformanceComputing",2014-04-01,24
"767","HighPerformanceComputing",2014-05-01,235
"768","HighPerformanceComputing",2014-06-01,256
"769","HighPerformanceComputing",2014-07-01,369
"770","HighPerformanceComputing",2014-08-01,512
"771","HighPerformanceComputing",2014-09-01,498
"772","HighPerformanceComputing",2014-10-01,426
"773","HighPerformanceComputing",2014-11-01,454
"774","HighPerformanceComputing",2014-12-01,374
"775","HighPerformanceComputing",2015-01-01,500
"776","HighPerformanceComputing",2015-02-01,440
"777","HighPerformanceComputing",2015-03-01,548
"778","HighPerformanceComputing",2015-04-01,605
"779","HighPerformanceComputing",2015-05-01,486
"780","HighPerformanceComputing",2015-06-01,423
"781","HighPerformanceComputing",2015-07-01,360
"782","HighPerformanceComputing",2015-08-01,386
"783","HighPerformanceComputing",2015-09-01,415
"784","HighPerformanceComputing",2015-10-01,483
"785","HighPerformanceComputing",2015-11-01,633
"786","HighPerformanceComputing",2015-12-01,497
"787","HighPerformanceComputing",2016-01-01,710
"788","HighPerformanceComputing",2016-02-01,729
"789","HighPerformanceComputing",2016-03-01,609
"790","HighPerformanceComputing",2016-04-01,389
"791","HighPerformanceComputing",2016-05-01,462
"792","HighPerformanceComputing",2016-06-01,333
"793","HighPerformanceComputing",2016-07-01,375
"794","HighPerformanceComputing",2016-08-01,294
"795","HighPerformanceComputing",2016-09-01,543
"796","HighPerformanceComputing",2016-10-01,716
"797","HighPerformanceComputing",2016-11-01,1783
"798","HighPerformanceComputing",2016-12-01,519
"799","HighPerformanceComputing",2017-01-01,565
"800","HighPerformanceComputing",2017-02-01,487
"801","HighPerformanceComputing",2017-03-01,1345
"802","HighPerformanceComputing",2017-04-01,1276
"803","HighPerformanceComputing",2017-05-01,686
"804","HighPerformanceComputing",2017-06-01,486
"805","HighPerformanceComputing",2017-07-01,570
"806","HighPerformanceComputing",2017-08-01,468
"807","HighPerformanceComputing",2017-09-01,673
"808","HighPerformanceComputing",2017-10-01,722
"809","HighPerformanceComputing",2017-11-01,1049
"810","HighPerformanceComputing",2017-12-01,613
"811","HighPerformanceComputing",2018-01-01,543
"812","HighPerformanceComputing",2018-02-01,344
"813","HighPerformanceComputing",2018-03-01,622
"814","HighPerformanceComputing",2018-04-01,912
"815","HighPerformanceComputing",2018-05-01,937
"816","HighPerformanceComputing",2018-06-01,631
"817","HighPerformanceComputing",2018-07-01,571
"818","HighPerformanceComputing",2018-08-01,468
"819","HighPerformanceComputing",2018-09-01,1419
"820","HighPerformanceComputing",2018-10-01,1456
"821","HighPerformanceComputing",2018-11-01,1403
"822","HighPerformanceComputing",2018-12-01,1146
"823","HighPerformanceComputing",2019-01-01,1217
"824","HighPerformanceComputing",2019-02-01,1117
"825","HighPerformanceComputing",2019-03-01,1324
"826","HighPerformanceComputing",2019-04-01,1184
"827","HighPerformanceComputing",2019-05-01,2097
"828","HighPerformanceComputing",2019-06-01,1233
"829","HighPerformanceComputing",2019-07-01,1476
"830","HighPerformanceComputing",2019-08-01,340
"831","Hydrology",2012-10-01,11
"832","Hydrology",2012-11-01,85
"833","Hydrology",2012-12-01,98
"834","Hydrology",2013-01-01,122
"835","Hydrology",2013-02-01,177
"836","Hydrology",2013-03-01,210
"837","Hydrology",2013-04-01,242
"838","Hydrology",2013-05-01,274
"839","Hydrology",2013-06-01,271
"840","Hydrology",2013-07-01,215
"841","Hydrology",2013-08-01,255
"842","Hydrology",2013-09-01,304
"843","Hydrology",2013-10-01,230
"844","Hydrology",2013-11-01,251
"845","Hydrology",2013-12-01,239
"846","Hydrology",2014-01-01,408
"847","Hydrology",2014-02-01,381
"848","Hydrology",2014-03-01,373
"849","Hydrology",2014-04-01,442
"850","Hydrology",2014-05-01,430
"851","Hydrology",2014-06-01,348
"852","Hydrology",2014-07-01,339
"853","Hydrology",2014-08-01,507
"854","Hydrology",2014-09-01,374
"855","Hydrology",2014-10-01,498
"856","Hydrology",2014-11-01,511
"857","Hydrology",2014-12-01,509
"858","Hydrology",2015-01-01,693
"859","Hydrology",2015-02-01,515
"860","Hydrology",2015-03-01,611
"861","Hydrology",2015-04-01,669
"862","Hydrology",2015-05-01,485
"863","Hydrology",2015-06-01,462
"864","Hydrology",2015-07-01,447
"865","Hydrology",2015-08-01,440
"866","Hydrology",2015-09-01,423
"867","Hydrology",2015-10-01,453
"868","Hydrology",2015-11-01,445
"869","Hydrology",2015-12-01,389
"870","Hydrology",2016-01-01,390
"871","Hydrology",2016-02-01,353
"872","Hydrology",2016-03-01,375
"873","Hydrology",2016-04-01,280
"874","Hydrology",2016-05-01,372
"875","Hydrology",2016-06-01,279
"876","Hydrology",2016-07-01,374
"877","Hydrology",2016-08-01,265
"878","Hydrology",2016-09-01,305
"879","Hydrology",2016-10-01,283
"880","Hydrology",2016-11-01,377
"881","Hydrology",2016-12-01,244
"882","Hydrology",2017-01-01,374
"883","Hydrology",2017-02-01,1200
"884","Hydrology",2017-03-01,581
"885","Hydrology",2017-04-01,567
"886","Hydrology",2017-05-01,474
"887","Hydrology",2017-06-01,364
"888","Hydrology",2017-07-01,492
"889","Hydrology",2017-08-01,333
"890","Hydrology",2017-09-01,329
"891","Hydrology",2017-10-01,463
"892","Hydrology",2017-11-01,353
"893","Hydrology",2017-12-01,245
"894","Hydrology",2018-01-01,322
"895","Hydrology",2018-02-01,292
"896","Hydrology",2018-03-01,335
"897","Hydrology",2018-04-01,411
"898","Hydrology",2018-05-01,435
"899","Hydrology",2018-06-01,311
"900","Hydrology",2018-07-01,406
"901","Hydrology",2018-08-01,242
"902","Hydrology",2018-09-01,600
"903","Hydrology",2018-10-01,541
"904","Hydrology",2018-11-01,558
"905","Hydrology",2018-12-01,499
"906","Hydrology",2019-01-01,606
"907","Hydrology",2019-02-01,614
"908","Hydrology",2019-03-01,788
"909","Hydrology",2019-04-01,708
"910","Hydrology",2019-05-01,1305
"911","Hydrology",2019-06-01,529
"912","Hydrology",2019-07-01,899
"913","Hydrology",2019-08-01,198
"914","MedicalImaging",2012-10-01,27
"915","MedicalImaging",2012-11-01,260
"916","MedicalImaging",2012-12-01,344
"917","MedicalImaging",2013-01-01,596
"918","MedicalImaging",2013-02-01,663
"919","MedicalImaging",2013-03-01,803
"920","MedicalImaging",2013-04-01,927
"921","MedicalImaging",2013-05-01,895
"922","MedicalImaging",2013-06-01,975
"923","MedicalImaging",2013-07-01,963
"924","MedicalImaging",2013-08-01,979
"925","MedicalImaging",2013-09-01,1142
"926","MedicalImaging",2013-10-01,1195
"927","MedicalImaging",2013-11-01,1198
"928","MedicalImaging",2013-12-01,1258
"929","MedicalImaging",2014-01-01,1764
"930","MedicalImaging",2014-02-01,1672
"931","MedicalImaging",2014-03-01,1795
"932","MedicalImaging",2014-04-01,1417
"933","MedicalImaging",2014-05-01,1025
"934","MedicalImaging",2014-06-01,1039
"935","MedicalImaging",2014-07-01,979
"936","MedicalImaging",2014-08-01,1402
"937","MedicalImaging",2014-09-01,1178
"938","MedicalImaging",2014-10-01,1404
"939","MedicalImaging",2014-11-01,1402
"940","MedicalImaging",2014-12-01,1126
"941","MedicalImaging",2015-01-01,2175
"942","MedicalImaging",2015-02-01,1619
"943","MedicalImaging",2015-03-01,2067
"944","MedicalImaging",2015-04-01,2228
"945","MedicalImaging",2015-05-01,1814
"946","MedicalImaging",2015-06-01,1751
"947","MedicalImaging",2015-07-01,1393
"948","MedicalImaging",2015-08-01,1593
"949","MedicalImaging",2015-09-01,2174
"950","MedicalImaging",2015-10-01,1920
"951","MedicalImaging",2015-11-01,1827
"952","MedicalImaging",2015-12-01,1528
"953","MedicalImaging",2016-01-01,1729
"954","MedicalImaging",2016-02-01,1782
"955","MedicalImaging",2016-03-01,1630
"956","MedicalImaging",2016-04-01,1465
"957","MedicalImaging",2016-05-01,1814
"958","MedicalImaging",2016-06-01,1381
"959","MedicalImaging",2016-07-01,1601
"960","MedicalImaging",2016-08-01,1134
"961","MedicalImaging",2016-09-01,1535
"962","MedicalImaging",2016-10-01,1993
"963","MedicalImaging",2016-11-01,2241
"964","MedicalImaging",2016-12-01,1814
"965","MedicalImaging",2017-01-01,2130
"966","MedicalImaging",2017-02-01,2411
"967","MedicalImaging",2017-03-01,2570
"968","MedicalImaging",2017-04-01,2727
"969","MedicalImaging",2017-05-01,2576
"970","MedicalImaging",2017-06-01,2075
"971","MedicalImaging",2017-07-01,2117
"972","MedicalImaging",2017-08-01,1849
"973","MedicalImaging",2017-09-01,2339
"974","MedicalImaging",2017-10-01,2629
"975","MedicalImaging",2017-11-01,2485
"976","MedicalImaging",2017-12-01,1585
"977","MedicalImaging",2018-01-01,2112
"978","MedicalImaging",2018-02-01,1789
"979","MedicalImaging",2018-03-01,2579
"980","MedicalImaging",2018-04-01,2829
"981","MedicalImaging",2018-05-01,2828
"982","MedicalImaging",2018-06-01,2373
"983","MedicalImaging",2018-07-01,2183
"984","MedicalImaging",2018-08-01,1849
"985","MedicalImaging",2018-09-01,3099
"986","MedicalImaging",2018-10-01,3903
"987","MedicalImaging",2018-11-01,4949
"988","MedicalImaging",2018-12-01,3102
"989","MedicalImaging",2019-01-01,5811
"990","MedicalImaging",2019-02-01,6045
"991","MedicalImaging",2019-03-01,5917
"992","MedicalImaging",2019-04-01,5651
"993","MedicalImaging",2019-05-01,6803
"994","MedicalImaging",2019-06-01,4504
"995","MedicalImaging",2019-07-01,5135
"996","MedicalImaging",2019-08-01,1258
"997","MissingData",2012-10-01,296
"998","MissingData",2012-11-01,9235
"999","MissingData",2012-12-01,10063
"1000","MissingData",2013-01-01,17644
"1001","MissingData",2013-02-01,18796
"1002","MissingData",2013-03-01,26309
"1003","MissingData",2013-04-01,27839
"1004","MissingData",2013-05-01,27639
"1005","MissingData",2013-06-01,28195
"1006","MissingData",2013-07-01,27168
"1007","MissingData",2013-08-01,24127
"1008","MissingData",2013-09-01,32818
"1009","MissingData",2013-10-01,42590
"1010","MissingData",2013-11-01,43625
"1011","MissingData",2013-12-01,33875
"1012","MissingData",2014-01-01,40999
"1013","MissingData",2014-02-01,45106
"1014","MissingData",2014-03-01,62602
"1015","MissingData",2014-04-01,64670
"1016","MissingData",2014-05-01,58035
"1017","MissingData",2014-06-01,56932
"1018","MissingData",2014-07-01,53518
"1019","MissingData",2014-08-01,54049
"1020","MissingData",2014-09-01,60831
"1021","MissingData",2014-10-01,77364
"1022","MissingData",2014-11-01,76570
"1023","MissingData",2014-12-01,70893
"1024","MissingData",2015-01-01,76164
"1025","MissingData",2015-02-01,81120
"1026","MissingData",2015-03-01,119439
"1027","MissingData",2015-04-01,160754
"1028","MissingData",2015-05-01,145727
"1029","MissingData",2015-06-01,150050
"1030","MissingData",2015-07-01,115406
"1031","MissingData",2015-08-01,108742
"1032","MissingData",2015-09-01,121571
"1033","MissingData",2015-10-01,143450
"1034","MissingData",2015-11-01,590834
"1035","MissingData",2015-12-01,430833
"1036","MissingData",2016-01-01,166749
"1037","MissingData",2016-02-01,183671
"1038","MissingData",2016-03-01,198669
"1039","MissingData",2016-04-01,181190
"1040","MissingData",2016-05-01,224726
"1041","MissingData",2016-06-01,201418
"1042","MissingData",2016-07-01,179929
"1043","MissingData",2016-08-01,159325
"1044","MissingData",2016-09-01,191718
"1045","MissingData",2016-10-01,250830
"1046","MissingData",2016-11-01,290606
"1047","MissingData",2016-12-01,260928
"1048","MissingData",2017-01-01,265144
"1049","MissingData",2017-02-01,297636
"1050","MissingData",2017-03-01,349693
"1051","MissingData",2017-04-01,345632
"1052","MissingData",2017-05-01,344597
"1053","MissingData",2017-06-01,326750
"1054","MissingData",2017-07-01,309794
"1055","MissingData",2017-08-01,311299
"1056","MissingData",2017-09-01,315485
"1057","MissingData",2017-10-01,349337
"1058","MissingData",2017-11-01,382615
"1059","MissingData",2017-12-01,303639
"1060","MissingData",2018-01-01,368107
"1061","MissingData",2018-02-01,312562
"1062","MissingData",2018-03-01,425381
"1063","MissingData",2018-04-01,470618
"1064","MissingData",2018-05-01,422963
"1065","MissingData",2018-06-01,415264
"1066","MissingData",2018-07-01,423714
"1067","MissingData",2018-08-01,384594
"1068","MissingData",2018-09-01,603029
"1069","MissingData",2018-10-01,778910
"1070","MissingData",2018-11-01,826324
"1071","MissingData",2018-12-01,701364
"1072","MissingData",2019-01-01,847851
"1073","MissingData",2019-02-01,805213
"1074","MissingData",2019-03-01,932808
"1075","MissingData",2019-04-01,959990
"1076","MissingData",2019-05-01,991444
"1077","MissingData",2019-06-01,824073
"1078","MissingData",2019-07-01,776252
"1079","MissingData",2019-08-01,237905
"1080","Multivariate",2012-10-01,32
"1081","Multivariate",2012-11-01,280
"1082","Multivariate",2012-12-01,227
"1083","Multivariate",2013-01-01,319
"1084","Multivariate",2013-02-01,509
"1085","Multivariate",2013-03-01,622
"1086","Multivariate",2013-04-01,584
"1087","Multivariate",2013-05-01,510
"1088","Multivariate",2013-06-01,621
"1089","Multivariate",2013-07-01,525
"1090","Multivariate",2013-08-01,656
"1091","Multivariate",2013-09-01,783
"1092","Multivariate",2013-10-01,565
"1093","Multivariate",2013-11-01,600
"1094","Multivariate",2013-12-01,533
"1095","Multivariate",2014-01-01,722
"1096","Multivariate",2014-02-01,1127
"1097","Multivariate",2014-03-01,1118
"1098","Multivariate",2014-04-01,1066
"1099","Multivariate",2014-05-01,655
"1100","Multivariate",2014-06-01,640
"1101","Multivariate",2014-07-01,743
"1102","Multivariate",2014-08-01,1309
"1103","Multivariate",2014-09-01,925
"1104","Multivariate",2014-10-01,977
"1105","Multivariate",2014-11-01,1058
"1106","Multivariate",2014-12-01,841
"1107","Multivariate",2015-01-01,1282
"1108","Multivariate",2015-02-01,985
"1109","Multivariate",2015-03-01,1305
"1110","Multivariate",2015-04-01,1476
"1111","Multivariate",2015-05-01,1440
"1112","Multivariate",2015-06-01,1360
"1113","Multivariate",2015-07-01,954
"1114","Multivariate",2015-08-01,1079
"1115","Multivariate",2015-09-01,1186
"1116","Multivariate",2015-10-01,1253
"1117","Multivariate",2015-11-01,1056
"1118","Multivariate",2015-12-01,992
"1119","Multivariate",2016-01-01,1017
"1120","Multivariate",2016-02-01,958
"1121","Multivariate",2016-03-01,802
"1122","Multivariate",2016-04-01,842
"1123","Multivariate",2016-05-01,845
"1124","Multivariate",2016-06-01,720
"1125","Multivariate",2016-07-01,800
"1126","Multivariate",2016-08-01,551
"1127","Multivariate",2016-09-01,820
"1128","Multivariate",2016-10-01,866
"1129","Multivariate",2016-11-01,837
"1130","Multivariate",2016-12-01,578
"1131","Multivariate",2017-01-01,851
"1132","Multivariate",2017-02-01,856
"1133","Multivariate",2017-03-01,721
"1134","Multivariate",2017-04-01,1107
"1135","Multivariate",2017-05-01,891
"1136","Multivariate",2017-06-01,648
"1137","Multivariate",2017-07-01,965
"1138","Multivariate",2017-08-01,705
"1139","Multivariate",2017-09-01,836
"1140","Multivariate",2017-10-01,791
"1141","Multivariate",2017-11-01,842
"1142","Multivariate",2017-12-01,438
"1143","Multivariate",2018-01-01,722
"1144","Multivariate",2018-02-01,569
"1145","Multivariate",2018-03-01,685
"1146","Multivariate",2018-04-01,826
"1147","Multivariate",2018-05-01,843
"1148","Multivariate",2018-06-01,631
"1149","Multivariate",2018-07-01,636
"1150","Multivariate",2018-08-01,562
"1151","Multivariate",2018-09-01,1374
"1152","Multivariate",2018-10-01,1085
"1153","Multivariate",2018-11-01,1126
"1154","Multivariate",2018-12-01,886
"1155","Multivariate",2019-01-01,1185
"1156","Multivariate",2019-02-01,1241
"1157","Multivariate",2019-03-01,1507
"1158","Multivariate",2019-04-01,1271
"1159","Multivariate",2019-05-01,2199
"1160","Multivariate",2019-06-01,1049
"1161","Multivariate",2019-07-01,1729
"1162","Multivariate",2019-08-01,373
"1163","OfficialStatistics",2012-10-01,15
"1164","OfficialStatistics",2012-11-01,178
"1165","OfficialStatistics",2012-12-01,154
"1166","OfficialStatistics",2013-01-01,241
"1167","OfficialStatistics",2013-02-01,352
"1168","OfficialStatistics",2013-03-01,418
"1169","OfficialStatistics",2013-04-01,448
"1170","OfficialStatistics",2013-05-01,401
"1171","OfficialStatistics",2013-06-01,471
"1172","OfficialStatistics",2013-07-01,553
"1173","OfficialStatistics",2013-08-01,614
"1174","OfficialStatistics",2013-09-01,809
"1175","OfficialStatistics",2013-10-01,842
"1176","OfficialStatistics",2013-11-01,786
"1177","OfficialStatistics",2013-12-01,665
"1178","OfficialStatistics",2014-01-01,1282
"1179","OfficialStatistics",2014-02-01,1278
"1180","OfficialStatistics",2014-03-01,1378
"1181","OfficialStatistics",2014-04-01,1470
"1182","OfficialStatistics",2014-05-01,968
"1183","OfficialStatistics",2014-06-01,884
"1184","OfficialStatistics",2014-07-01,984
"1185","OfficialStatistics",2014-08-01,1383
"1186","OfficialStatistics",2014-09-01,1053
"1187","OfficialStatistics",2014-10-01,1435
"1188","OfficialStatistics",2014-11-01,1529
"1189","OfficialStatistics",2014-12-01,1425
"1190","OfficialStatistics",2015-01-01,1651
"1191","OfficialStatistics",2015-02-01,1765
"1192","OfficialStatistics",2015-03-01,2085
"1193","OfficialStatistics",2015-04-01,2108
"1194","OfficialStatistics",2015-05-01,1805
"1195","OfficialStatistics",2015-06-01,1786
"1196","OfficialStatistics",2015-07-01,1401
"1197","OfficialStatistics",2015-08-01,1759
"1198","OfficialStatistics",2015-09-01,1724
"1199","OfficialStatistics",2015-10-01,2781
"1200","OfficialStatistics",2015-11-01,1710
"1201","OfficialStatistics",2015-12-01,1490
"1202","OfficialStatistics",2016-01-01,1798
"1203","OfficialStatistics",2016-02-01,2268
"1204","OfficialStatistics",2016-03-01,1815
"1205","OfficialStatistics",2016-04-01,1657
"1206","OfficialStatistics",2016-05-01,1724
"1207","OfficialStatistics",2016-06-01,1531
"1208","OfficialStatistics",2016-07-01,1632
"1209","OfficialStatistics",2016-08-01,1855
"1210","OfficialStatistics",2016-09-01,2021
"1211","OfficialStatistics",2016-10-01,2144
"1212","OfficialStatistics",2016-11-01,2277
"1213","OfficialStatistics",2016-12-01,2384
"1214","OfficialStatistics",2017-01-01,2637
"1215","OfficialStatistics",2017-02-01,3784
"1216","OfficialStatistics",2017-03-01,2921
"1217","OfficialStatistics",2017-04-01,3017
"1218","OfficialStatistics",2017-05-01,3879
"1219","OfficialStatistics",2017-06-01,2654
"1220","OfficialStatistics",2017-07-01,2781
"1221","OfficialStatistics",2017-08-01,2420
"1222","OfficialStatistics",2017-09-01,2428
"1223","OfficialStatistics",2017-10-01,3160
"1224","OfficialStatistics",2017-11-01,2940
"1225","OfficialStatistics",2017-12-01,2167
"1226","OfficialStatistics",2018-01-01,2529
"1227","OfficialStatistics",2018-02-01,2493
"1228","OfficialStatistics",2018-03-01,3389
"1229","OfficialStatistics",2018-04-01,3616
"1230","OfficialStatistics",2018-05-01,3130
"1231","OfficialStatistics",2018-06-01,2545
"1232","OfficialStatistics",2018-07-01,2443
"1233","OfficialStatistics",2018-08-01,2559
"1234","OfficialStatistics",2018-09-01,6105
"1235","OfficialStatistics",2018-10-01,8716
"1236","OfficialStatistics",2018-11-01,9329
"1237","OfficialStatistics",2018-12-01,11790
"1238","OfficialStatistics",2019-01-01,11911
"1239","OfficialStatistics",2019-02-01,11613
"1240","OfficialStatistics",2019-03-01,11402
"1241","OfficialStatistics",2019-04-01,9323
"1242","OfficialStatistics",2019-05-01,12481
"1243","OfficialStatistics",2019-06-01,9103
"1244","OfficialStatistics",2019-07-01,12236
"1245","OfficialStatistics",2019-08-01,1736
"1246","Optimization",2012-10-01,50
"1247","Optimization",2012-11-01,1188
"1248","Optimization",2012-12-01,1185
"1249","Optimization",2013-01-01,1725
"1250","Optimization",2013-02-01,1807
"1251","Optimization",2013-03-01,2494
"1252","Optimization",2013-04-01,1702
"1253","Optimization",2013-05-01,1821
"1254","Optimization",2013-06-01,1586
"1255","Optimization",2013-07-01,1613
"1256","Optimization",2013-08-01,1642
"1257","Optimization",2013-09-01,1943
"1258","Optimization",2013-10-01,2365
"1259","Optimization",2013-11-01,2304
"1260","Optimization",2013-12-01,2178
"1261","Optimization",2014-01-01,2249
"1262","Optimization",2014-02-01,2445
"1263","Optimization",2014-03-01,17429
"1264","Optimization",2014-04-01,16826
"1265","Optimization",2014-05-01,8340
"1266","Optimization",2014-06-01,7276
"1267","Optimization",2014-07-01,5844
"1268","Optimization",2014-08-01,5597
"1269","Optimization",2014-09-01,5528
"1270","Optimization",2014-10-01,26670
"1271","Optimization",2014-11-01,13672
"1272","Optimization",2014-12-01,9612
"1273","Optimization",2015-01-01,24455
"1274","Optimization",2015-02-01,28994
"1275","Optimization",2015-03-01,27788
"1276","Optimization",2015-04-01,27107
"1277","Optimization",2015-05-01,19963
"1278","Optimization",2015-06-01,24816
"1279","Optimization",2015-07-01,47340
"1280","Optimization",2015-08-01,36392
"1281","Optimization",2015-09-01,26535
"1282","Optimization",2015-10-01,24509
"1283","Optimization",2015-11-01,21021
"1284","Optimization",2015-12-01,14261
"1285","Optimization",2016-01-01,13546
"1286","Optimization",2016-02-01,33253
"1287","Optimization",2016-03-01,64052
"1288","Optimization",2016-04-01,42984
"1289","Optimization",2016-05-01,38824
"1290","Optimization",2016-06-01,30836
"1291","Optimization",2016-07-01,24652
"1292","Optimization",2016-08-01,20727
"1293","Optimization",2016-09-01,23242
"1294","Optimization",2016-10-01,25810
"1295","Optimization",2016-11-01,24952
"1296","Optimization",2016-12-01,19330
"1297","Optimization",2017-01-01,18961
"1298","Optimization",2017-02-01,21040
"1299","Optimization",2017-03-01,22925
"1300","Optimization",2017-04-01,51382
"1301","Optimization",2017-05-01,62057
"1302","Optimization",2017-06-01,41994
"1303","Optimization",2017-07-01,46885
"1304","Optimization",2017-08-01,70613
"1305","Optimization",2017-09-01,59496
"1306","Optimization",2017-10-01,49993
"1307","Optimization",2017-11-01,42746
"1308","Optimization",2017-12-01,31070
"1309","Optimization",2018-01-01,29353
"1310","Optimization",2018-02-01,25763
"1311","Optimization",2018-03-01,30612
"1312","Optimization",2018-04-01,28187
"1313","Optimization",2018-05-01,25132
"1314","Optimization",2018-06-01,21527
"1315","Optimization",2018-07-01,19164
"1316","Optimization",2018-08-01,17308
"1317","Optimization",2018-09-01,22294
"1318","Optimization",2018-10-01,27123
"1319","Optimization",2018-11-01,26281
"1320","Optimization",2018-12-01,21894
"1321","Optimization",2019-01-01,25341
"1322","Optimization",2019-02-01,25218
"1323","Optimization",2019-03-01,30223
"1324","Optimization",2019-04-01,41721
"1325","Optimization",2019-05-01,73284
"1326","Optimization",2019-06-01,45883
"1327","Optimization",2019-07-01,91047
"1328","Optimization",2019-08-01,22510
"1329","Phylogenetics",2012-10-01,14
"1330","Phylogenetics",2012-11-01,91
"1331","Phylogenetics",2012-12-01,100
"1332","Phylogenetics",2013-01-01,127
"1333","Phylogenetics",2013-02-01,170
"1334","Phylogenetics",2013-03-01,204
"1335","Phylogenetics",2013-04-01,233
"1336","Phylogenetics",2013-05-01,192
"1337","Phylogenetics",2013-06-01,212
"1338","Phylogenetics",2013-07-01,229
"1339","Phylogenetics",2013-08-01,250
"1340","Phylogenetics",2013-09-01,306
"1341","Phylogenetics",2013-10-01,215
"1342","Phylogenetics",2013-11-01,278
"1343","Phylogenetics",2013-12-01,222
"1344","Phylogenetics",2014-01-01,287
"1345","Phylogenetics",2014-02-01,343
"1346","Phylogenetics",2014-03-01,352
"1347","Phylogenetics",2014-04-01,404
"1348","Phylogenetics",2014-05-01,266
"1349","Phylogenetics",2014-06-01,231
"1350","Phylogenetics",2014-07-01,300
"1351","Phylogenetics",2014-08-01,508
"1352","Phylogenetics",2014-09-01,356
"1353","Phylogenetics",2014-10-01,397
"1354","Phylogenetics",2014-11-01,450
"1355","Phylogenetics",2014-12-01,361
"1356","Phylogenetics",2015-01-01,499
"1357","Phylogenetics",2015-02-01,393
"1358","Phylogenetics",2015-03-01,556
"1359","Phylogenetics",2015-04-01,587
"1360","Phylogenetics",2015-05-01,494
"1361","Phylogenetics",2015-06-01,497
"1362","Phylogenetics",2015-07-01,383
"1363","Phylogenetics",2015-08-01,432
"1364","Phylogenetics",2015-09-01,446
"1365","Phylogenetics",2015-10-01,490
"1366","Phylogenetics",2015-11-01,464
"1367","Phylogenetics",2015-12-01,786
"1368","Phylogenetics",2016-01-01,577
"1369","Phylogenetics",2016-02-01,471
"1370","Phylogenetics",2016-03-01,392
"1371","Phylogenetics",2016-04-01,332
"1372","Phylogenetics",2016-05-01,418
"1373","Phylogenetics",2016-06-01,374
"1374","Phylogenetics",2016-07-01,403
"1375","Phylogenetics",2016-08-01,279
"1376","Phylogenetics",2016-09-01,307
"1377","Phylogenetics",2016-10-01,425
"1378","Phylogenetics",2016-11-01,495
"1379","Phylogenetics",2016-12-01,370
"1380","Phylogenetics",2017-01-01,397
"1381","Phylogenetics",2017-02-01,322
"1382","Phylogenetics",2017-03-01,367
"1383","Phylogenetics",2017-04-01,585
"1384","Phylogenetics",2017-05-01,407
"1385","Phylogenetics",2017-06-01,302
"1386","Phylogenetics",2017-07-01,448
"1387","Phylogenetics",2017-08-01,315
"1388","Phylogenetics",2017-09-01,358
"1389","Phylogenetics",2017-10-01,440
"1390","Phylogenetics",2017-11-01,500
"1391","Phylogenetics",2017-12-01,249
"1392","Phylogenetics",2018-01-01,372
"1393","Phylogenetics",2018-02-01,309
"1394","Phylogenetics",2018-03-01,313
"1395","Phylogenetics",2018-04-01,395
"1396","Phylogenetics",2018-05-01,386
"1397","Phylogenetics",2018-06-01,287
"1398","Phylogenetics",2018-07-01,295
"1399","Phylogenetics",2018-08-01,261
"1400","Phylogenetics",2018-09-01,561
"1401","Phylogenetics",2018-10-01,589
"1402","Phylogenetics",2018-11-01,629
"1403","Phylogenetics",2018-12-01,519
"1404","Phylogenetics",2019-01-01,528
"1405","Phylogenetics",2019-02-01,502
"1406","Phylogenetics",2019-03-01,993
"1407","Phylogenetics",2019-04-01,745
"1408","Phylogenetics",2019-05-01,1182
"1409","Phylogenetics",2019-06-01,518
"1410","Phylogenetics",2019-07-01,808
"1411","Phylogenetics",2019-08-01,171
"1412","Psychometrics",2012-10-01,26
"1413","Psychometrics",2012-11-01,75
"1414","Psychometrics",2012-12-01,68
"1415","Psychometrics",2013-01-01,108
"1416","Psychometrics",2013-02-01,115
"1417","Psychometrics",2013-03-01,154
"1418","Psychometrics",2013-04-01,153
"1419","Psychometrics",2013-05-01,37
"1420","Psychometrics",2013-06-01,9
"1421","Psychometrics",2013-07-01,4
"1422","Psychometrics",2013-08-01,44
"1423","Psychometrics",2013-09-01,31
"1424","Psychometrics",2013-10-01,17
"1425","Psychometrics",2013-11-01,18
"1426","Psychometrics",2013-12-01,27
"1427","Psychometrics",2014-01-01,34
"1428","Psychometrics",2014-02-01,24
"1429","Psychometrics",2014-03-01,32
"1430","Psychometrics",2014-04-01,24
"1431","Psychometrics",2014-05-01,235
"1432","Psychometrics",2014-06-01,256
"1433","Psychometrics",2014-07-01,369
"1434","Psychometrics",2014-08-01,512
"1435","Psychometrics",2014-09-01,498
"1436","Psychometrics",2014-10-01,426
"1437","Psychometrics",2014-11-01,454
"1438","Psychometrics",2014-12-01,374
"1439","Psychometrics",2015-01-01,500
"1440","Psychometrics",2015-02-01,440
"1441","Psychometrics",2015-03-01,548
"1442","Psychometrics",2015-04-01,605
"1443","Psychometrics",2015-05-01,486
"1444","Psychometrics",2015-06-01,423
"1445","Psychometrics",2015-07-01,360
"1446","Psychometrics",2015-08-01,386
"1447","Psychometrics",2015-09-01,415
"1448","Psychometrics",2015-10-01,483
"1449","Psychometrics",2015-11-01,633
"1450","Psychometrics",2015-12-01,497
"1451","Psychometrics",2016-01-01,710
"1452","Psychometrics",2016-02-01,729
"1453","Psychometrics",2016-03-01,609
"1454","Psychometrics",2016-04-01,389
"1455","Psychometrics",2016-05-01,462
"1456","Psychometrics",2016-06-01,333
"1457","Psychometrics",2016-07-01,375
"1458","Psychometrics",2016-08-01,294
"1459","Psychometrics",2016-09-01,543
"1460","Psychometrics",2016-10-01,716
"1461","Psychometrics",2016-11-01,1783
"1462","Psychometrics",2016-12-01,519
"1463","Psychometrics",2017-01-01,565
"1464","Psychometrics",2017-02-01,487
"1465","Psychometrics",2017-03-01,1345
"1466","Psychometrics",2017-04-01,1276
"1467","Psychometrics",2017-05-01,686
"1468","Psychometrics",2017-06-01,486
"1469","Psychometrics",2017-07-01,570
"1470","Psychometrics",2017-08-01,468
"1471","Psychometrics",2017-09-01,673
"1472","Psychometrics",2017-10-01,722
"1473","Psychometrics",2017-11-01,1049
"1474","Psychometrics",2017-12-01,613
"1475","Psychometrics",2018-01-01,543
"1476","Psychometrics",2018-02-01,344
"1477","Psychometrics",2018-03-01,622
"1478","Psychometrics",2018-04-01,912
"1479","Psychometrics",2018-05-01,937
"1480","Psychometrics",2018-06-01,631
"1481","Psychometrics",2018-07-01,571
"1482","Psychometrics",2018-08-01,468
"1483","Psychometrics",2018-09-01,1419
"1484","Psychometrics",2018-10-01,1456
"1485","Psychometrics",2018-11-01,1403
"1486","Psychometrics",2018-12-01,1146
"1487","Psychometrics",2019-01-01,1217
"1488","Psychometrics",2019-02-01,1117
"1489","Psychometrics",2019-03-01,1324
"1490","Psychometrics",2019-04-01,1184
"1491","Psychometrics",2019-05-01,2097
"1492","Psychometrics",2019-06-01,1233
"1493","Psychometrics",2019-07-01,1476
"1494","Psychometrics",2019-08-01,340
"1495","ReproducibleResearch",2012-10-01,40
"1496","ReproducibleResearch",2012-11-01,494
"1497","ReproducibleResearch",2012-12-01,463
"1498","ReproducibleResearch",2013-01-01,834
"1499","ReproducibleResearch",2013-02-01,1281
"1500","ReproducibleResearch",2013-03-01,1547
"1501","ReproducibleResearch",2013-04-01,2049
"1502","ReproducibleResearch",2013-05-01,2088
"1503","ReproducibleResearch",2013-06-01,1930
"1504","ReproducibleResearch",2013-07-01,2085
"1505","ReproducibleResearch",2013-08-01,2074
"1506","ReproducibleResearch",2013-09-01,2273
"1507","ReproducibleResearch",2013-10-01,2955
"1508","ReproducibleResearch",2013-11-01,4928
"1509","ReproducibleResearch",2013-12-01,3330
"1510","ReproducibleResearch",2014-01-01,4955
"1511","ReproducibleResearch",2014-02-01,4850
"1512","ReproducibleResearch",2014-03-01,4779
"1513","ReproducibleResearch",2014-04-01,5720
"1514","ReproducibleResearch",2014-05-01,6141
"1515","ReproducibleResearch",2014-06-01,7284
"1516","ReproducibleResearch",2014-07-01,7201
"1517","ReproducibleResearch",2014-08-01,8625
"1518","ReproducibleResearch",2014-09-01,9368
"1519","ReproducibleResearch",2014-10-01,12182
"1520","ReproducibleResearch",2014-11-01,11608
"1521","ReproducibleResearch",2014-12-01,11243
"1522","ReproducibleResearch",2015-01-01,13575
"1523","ReproducibleResearch",2015-02-01,15054
"1524","ReproducibleResearch",2015-03-01,18959
"1525","ReproducibleResearch",2015-04-01,21266
"1526","ReproducibleResearch",2015-05-01,22195
"1527","ReproducibleResearch",2015-06-01,20994
"1528","ReproducibleResearch",2015-07-01,19781
"1529","ReproducibleResearch",2015-08-01,16720
"1530","ReproducibleResearch",2015-09-01,18213
"1531","ReproducibleResearch",2015-10-01,20510
"1532","ReproducibleResearch",2015-11-01,19636
"1533","ReproducibleResearch",2015-12-01,25820
"1534","ReproducibleResearch",2016-01-01,33265
"1535","ReproducibleResearch",2016-02-01,42159
"1536","ReproducibleResearch",2016-03-01,39905
"1537","ReproducibleResearch",2016-04-01,43923
"1538","ReproducibleResearch",2016-05-01,41448
"1539","ReproducibleResearch",2016-06-01,39242
"1540","ReproducibleResearch",2016-07-01,40364
"1541","ReproducibleResearch",2016-08-01,39312
"1542","ReproducibleResearch",2016-09-01,64684
"1543","ReproducibleResearch",2016-10-01,88048
"1544","ReproducibleResearch",2016-11-01,88747
"1545","ReproducibleResearch",2016-12-01,73477
"1546","ReproducibleResearch",2017-01-01,80019
"1547","ReproducibleResearch",2017-02-01,88587
"1548","ReproducibleResearch",2017-03-01,118631
"1549","ReproducibleResearch",2017-04-01,128865
"1550","ReproducibleResearch",2017-05-01,130992
"1551","ReproducibleResearch",2017-06-01,122828
"1552","ReproducibleResearch",2017-07-01,95104
"1553","ReproducibleResearch",2017-08-01,95356
"1554","ReproducibleResearch",2017-09-01,137383
"1555","ReproducibleResearch",2017-10-01,173668
"1556","ReproducibleResearch",2017-11-01,215383
"1557","ReproducibleResearch",2017-12-01,169203
"1558","ReproducibleResearch",2018-01-01,185889
"1559","ReproducibleResearch",2018-02-01,194340
"1560","ReproducibleResearch",2018-03-01,291302
"1561","ReproducibleResearch",2018-04-01,281582
"1562","ReproducibleResearch",2018-05-01,257961
"1563","ReproducibleResearch",2018-06-01,212823
"1564","ReproducibleResearch",2018-07-01,207133
"1565","ReproducibleResearch",2018-08-01,215689
"1566","ReproducibleResearch",2018-09-01,277566
"1567","ReproducibleResearch",2018-10-01,320637
"1568","ReproducibleResearch",2018-11-01,296301
"1569","ReproducibleResearch",2018-12-01,255118
"1570","ReproducibleResearch",2019-01-01,331624
"1571","ReproducibleResearch",2019-02-01,326549
"1572","ReproducibleResearch",2019-03-01,316241
"1573","ReproducibleResearch",2019-04-01,318541
"1574","ReproducibleResearch",2019-05-01,345784
"1575","ReproducibleResearch",2019-06-01,321924
"1576","ReproducibleResearch",2019-07-01,412216
"1577","ReproducibleResearch",2019-08-01,125161
"1578","Robust",2012-10-01,18
"1579","Robust",2012-11-01,107
"1580","Robust",2012-12-01,90
"1581","Robust",2013-01-01,127
"1582","Robust",2013-02-01,191
"1583","Robust",2013-03-01,212
"1584","Robust",2013-04-01,226
"1585","Robust",2013-05-01,204
"1586","Robust",2013-06-01,233
"1587","Robust",2013-07-01,211
"1588","Robust",2013-08-01,291
"1589","Robust",2013-09-01,309
"1590","Robust",2013-10-01,226
"1591","Robust",2013-11-01,243
"1592","Robust",2013-12-01,216
"1593","Robust",2014-01-01,305
"1594","Robust",2014-02-01,323
"1595","Robust",2014-03-01,347
"1596","Robust",2014-04-01,396
"1597","Robust",2014-05-01,262
"1598","Robust",2014-06-01,263
"1599","Robust",2014-07-01,303
"1600","Robust",2014-08-01,507
"1601","Robust",2014-09-01,356
"1602","Robust",2014-10-01,410
"1603","Robust",2014-11-01,443
"1604","Robust",2014-12-01,628
"1605","Robust",2015-01-01,645
"1606","Robust",2015-02-01,483
"1607","Robust",2015-03-01,653
"1608","Robust",2015-04-01,669
"1609","Robust",2015-05-01,515
"1610","Robust",2015-06-01,565
"1611","Robust",2015-07-01,410
"1612","Robust",2015-08-01,542
"1613","Robust",2015-09-01,536
"1614","Robust",2015-10-01,469
"1615","Robust",2015-11-01,478
"1616","Robust",2015-12-01,452
"1617","Robust",2016-01-01,486
"1618","Robust",2016-02-01,415
"1619","Robust",2016-03-01,369
"1620","Robust",2016-04-01,345
"1621","Robust",2016-05-01,390
"1622","Robust",2016-06-01,360
"1623","Robust",2016-07-01,427
"1624","Robust",2016-08-01,303
"1625","Robust",2016-09-01,433
"1626","Robust",2016-10-01,377
"1627","Robust",2016-11-01,674
"1628","Robust",2016-12-01,630
"1629","Robust",2017-01-01,508
"1630","Robust",2017-02-01,476
"1631","Robust",2017-03-01,433
"1632","Robust",2017-04-01,520
"1633","Robust",2017-05-01,517
"1634","Robust",2017-06-01,339
"1635","Robust",2017-07-01,490
"1636","Robust",2017-08-01,348
"1637","Robust",2017-09-01,490
"1638","Robust",2017-10-01,472
"1639","Robust",2017-11-01,407
"1640","Robust",2017-12-01,283
"1641","Robust",2018-01-01,426
"1642","Robust",2018-02-01,259
"1643","Robust",2018-03-01,388
"1644","Robust",2018-04-01,399
"1645","Robust",2018-05-01,728
"1646","Robust",2018-06-01,430
"1647","Robust",2018-07-01,341
"1648","Robust",2018-08-01,329
"1649","Robust",2018-09-01,627
"1650","Robust",2018-10-01,578
"1651","Robust",2018-11-01,497
"1652","Robust",2018-12-01,437
"1653","Robust",2019-01-01,539
"1654","Robust",2019-02-01,613
"1655","Robust",2019-03-01,710
"1656","Robust",2019-04-01,620
"1657","Robust",2019-05-01,1313
"1658","Robust",2019-06-01,519
"1659","Robust",2019-07-01,819
"1660","Robust",2019-08-01,169
"1661","Spatial",2012-10-01,32
"1662","Spatial",2012-11-01,387
"1663","Spatial",2012-12-01,369
"1664","Spatial",2013-01-01,759
"1665","Spatial",2013-02-01,998
"1666","Spatial",2013-03-01,1138
"1667","Spatial",2013-04-01,1159
"1668","Spatial",2013-05-01,1119
"1669","Spatial",2013-06-01,1451
"1670","Spatial",2013-07-01,1456
"1671","Spatial",2013-08-01,1429
"1672","Spatial",2013-09-01,1953
"1673","Spatial",2013-10-01,1970
"1674","Spatial",2013-11-01,2051
"1675","Spatial",2013-12-01,1810
"1676","Spatial",2014-01-01,2191
"1677","Spatial",2014-02-01,2608
"1678","Spatial",2014-03-01,3808
"1679","Spatial",2014-04-01,4336
"1680","Spatial",2014-05-01,2757
"1681","Spatial",2014-06-01,2673
"1682","Spatial",2014-07-01,2579
"1683","Spatial",2014-08-01,2741
"1684","Spatial",2014-09-01,3119
"1685","Spatial",2014-10-01,3940
"1686","Spatial",2014-11-01,3818
"1687","Spatial",2014-12-01,3193
"1688","Spatial",2015-01-01,4575
"1689","Spatial",2015-02-01,4735
"1690","Spatial",2015-03-01,4841
"1691","Spatial",2015-04-01,5620
"1692","Spatial",2015-05-01,4856
"1693","Spatial",2015-06-01,5822
"1694","Spatial",2015-07-01,3521
"1695","Spatial",2015-08-01,3671
"1696","Spatial",2015-09-01,5007
"1697","Spatial",2015-10-01,5175
"1698","Spatial",2015-11-01,5364
"1699","Spatial",2015-12-01,4370
"1700","Spatial",2016-01-01,5306
"1701","Spatial",2016-02-01,6754
"1702","Spatial",2016-03-01,6202
"1703","Spatial",2016-04-01,5739
"1704","Spatial",2016-05-01,6347
"1705","Spatial",2016-06-01,5333
"1706","Spatial",2016-07-01,4954
"1707","Spatial",2016-08-01,5181
"1708","Spatial",2016-09-01,8558
"1709","Spatial",2016-10-01,8096
"1710","Spatial",2016-11-01,9159
"1711","Spatial",2016-12-01,6336
"1712","Spatial",2017-01-01,7275
"1713","Spatial",2017-02-01,9226
"1714","Spatial",2017-03-01,9565
"1715","Spatial",2017-04-01,9606
"1716","Spatial",2017-05-01,9947
"1717","Spatial",2017-06-01,6643
"1718","Spatial",2017-07-01,5969
"1719","Spatial",2017-08-01,6464
"1720","Spatial",2017-09-01,9795
"1721","Spatial",2017-10-01,13832
"1722","Spatial",2017-11-01,10261
"1723","Spatial",2017-12-01,7280
"1724","Spatial",2018-01-01,8025
"1725","Spatial",2018-02-01,7804
"1726","Spatial",2018-03-01,13036
"1727","Spatial",2018-04-01,11854
"1728","Spatial",2018-05-01,9980
"1729","Spatial",2018-06-01,9364
"1730","Spatial",2018-07-01,7028
"1731","Spatial",2018-08-01,7937
"1732","Spatial",2018-09-01,13178
"1733","Spatial",2018-10-01,14629
"1734","Spatial",2018-11-01,12914
"1735","Spatial",2018-12-01,8459
"1736","Spatial",2019-01-01,10938
"1737","Spatial",2019-02-01,12692
"1738","Spatial",2019-03-01,13505
"1739","Spatial",2019-04-01,13929
"1740","Spatial",2019-05-01,14042
"1741","Spatial",2019-06-01,12285
"1742","Spatial",2019-07-01,15230
"1743","Spatial",2019-08-01,5490
"1744","SpatioTemporal",2012-10-01,32
"1745","SpatioTemporal",2012-11-01,387
"1746","SpatioTemporal",2012-12-01,369
"1747","SpatioTemporal",2013-01-01,759
"1748","SpatioTemporal",2013-02-01,998
"1749","SpatioTemporal",2013-03-01,1138
"1750","SpatioTemporal",2013-04-01,1159
"1751","SpatioTemporal",2013-05-01,1119
"1752","SpatioTemporal",2013-06-01,1451
"1753","SpatioTemporal",2013-07-01,1456
"1754","SpatioTemporal",2013-08-01,1429
"1755","SpatioTemporal",2013-09-01,1953
"1756","SpatioTemporal",2013-10-01,1970
"1757","SpatioTemporal",2013-11-01,2051
"1758","SpatioTemporal",2013-12-01,1810
"1759","SpatioTemporal",2014-01-01,2191
"1760","SpatioTemporal",2014-02-01,2608
"1761","SpatioTemporal",2014-03-01,3808
"1762","SpatioTemporal",2014-04-01,4336
"1763","SpatioTemporal",2014-05-01,2757
"1764","SpatioTemporal",2014-06-01,2673
"1765","SpatioTemporal",2014-07-01,2579
"1766","SpatioTemporal",2014-08-01,2741
"1767","SpatioTemporal",2014-09-01,3119
"1768","SpatioTemporal",2014-10-01,3940
"1769","SpatioTemporal",2014-11-01,3818
"1770","SpatioTemporal",2014-12-01,3193
"1771","SpatioTemporal",2015-01-01,4575
"1772","SpatioTemporal",2015-02-01,4735
"1773","SpatioTemporal",2015-03-01,4841
"1774","SpatioTemporal",2015-04-01,5620
"1775","SpatioTemporal",2015-05-01,4856
"1776","SpatioTemporal",2015-06-01,5822
"1777","SpatioTemporal",2015-07-01,3521
"1778","SpatioTemporal",2015-08-01,3671
"1779","SpatioTemporal",2015-09-01,5007
"1780","SpatioTemporal",2015-10-01,5175
"1781","SpatioTemporal",2015-11-01,5364
"1782","SpatioTemporal",2015-12-01,4370
"1783","SpatioTemporal",2016-01-01,5306
"1784","SpatioTemporal",2016-02-01,6754
"1785","SpatioTemporal",2016-03-01,6202
"1786","SpatioTemporal",2016-04-01,5739
"1787","SpatioTemporal",2016-05-01,6347
"1788","SpatioTemporal",2016-06-01,5333
"1789","SpatioTemporal",2016-07-01,4954
"1790","SpatioTemporal",2016-08-01,5181
"1791","SpatioTemporal",2016-09-01,8558
"1792","SpatioTemporal",2016-10-01,8096
"1793","SpatioTemporal",2016-11-01,9159
"1794","SpatioTemporal",2016-12-01,6336
"1795","SpatioTemporal",2017-01-01,7275
"1796","SpatioTemporal",2017-02-01,9226
"1797","SpatioTemporal",2017-03-01,9565
"1798","SpatioTemporal",2017-04-01,9606
"1799","SpatioTemporal",2017-05-01,9947
"1800","SpatioTemporal",2017-06-01,6643
"1801","SpatioTemporal",2017-07-01,5969
"1802","SpatioTemporal",2017-08-01,6464
"1803","SpatioTemporal",2017-09-01,9795
"1804","SpatioTemporal",2017-10-01,13832
"1805","SpatioTemporal",2017-11-01,10261
"1806","SpatioTemporal",2017-12-01,7280
"1807","SpatioTemporal",2018-01-01,8025
"1808","SpatioTemporal",2018-02-01,7804
"1809","SpatioTemporal",2018-03-01,13036
"1810","SpatioTemporal",2018-04-01,11854
"1811","SpatioTemporal",2018-05-01,9980
"1812","SpatioTemporal",2018-06-01,9364
"1813","SpatioTemporal",2018-07-01,7028
"1814","SpatioTemporal",2018-08-01,7937
"1815","SpatioTemporal",2018-09-01,13178
"1816","SpatioTemporal",2018-10-01,14629
"1817","SpatioTemporal",2018-11-01,12914
"1818","SpatioTemporal",2018-12-01,8459
"1819","SpatioTemporal",2019-01-01,10938
"1820","SpatioTemporal",2019-02-01,12692
"1821","SpatioTemporal",2019-03-01,13505
"1822","SpatioTemporal",2019-04-01,13929
"1823","SpatioTemporal",2019-05-01,14042
"1824","SpatioTemporal",2019-06-01,12285
"1825","SpatioTemporal",2019-07-01,15230
"1826","SpatioTemporal",2019-08-01,5490
"1827","Survival",2012-10-01,103
"1828","Survival",2012-11-01,2075
"1829","Survival",2012-12-01,1985
"1830","Survival",2013-01-01,2932
"1831","Survival",2013-02-01,3262
"1832","Survival",2013-03-01,4446
"1833","Survival",2013-04-01,3775
"1834","Survival",2013-05-01,3685
"1835","Survival",2013-06-01,3371
"1836","Survival",2013-07-01,3101
"1837","Survival",2013-08-01,3240
"1838","Survival",2013-09-01,3957
"1839","Survival",2013-10-01,5052
"1840","Survival",2013-11-01,5641
"1841","Survival",2013-12-01,4575
"1842","Survival",2014-01-01,4947
"1843","Survival",2014-02-01,5726
"1844","Survival",2014-03-01,21457
"1845","Survival",2014-04-01,20970
"1846","Survival",2014-05-01,11775
"1847","Survival",2014-06-01,10068
"1848","Survival",2014-07-01,8605
"1849","Survival",2014-08-01,8600
"1850","Survival",2014-09-01,8613
"1851","Survival",2014-10-01,30807
"1852","Survival",2014-11-01,18201
"1853","Survival",2014-12-01,13763
"1854","Survival",2015-01-01,28491
"1855","Survival",2015-02-01,34064
"1856","Survival",2015-03-01,35962
"1857","Survival",2015-04-01,34809
"1858","Survival",2015-05-01,25667
"1859","Survival",2015-06-01,30867
"1860","Survival",2015-07-01,51558
"1861","Survival",2015-08-01,40538
"1862","Survival",2015-09-01,31210
"1863","Survival",2015-10-01,31487
"1864","Survival",2015-11-01,28882
"1865","Survival",2015-12-01,20946
"1866","Survival",2016-01-01,20326
"1867","Survival",2016-02-01,43175
"1868","Survival",2016-03-01,73954
"1869","Survival",2016-04-01,53268
"1870","Survival",2016-05-01,48423
"1871","Survival",2016-06-01,37943
"1872","Survival",2016-07-01,31128
"1873","Survival",2016-08-01,27007
"1874","Survival",2016-09-01,32871
"1875","Survival",2016-10-01,38583
"1876","Survival",2016-11-01,38949
"1877","Survival",2016-12-01,30479
"1878","Survival",2017-01-01,36554
"1879","Survival",2017-02-01,36039
"1880","Survival",2017-03-01,40335
"1881","Survival",2017-04-01,69702
"1882","Survival",2017-05-01,76968
"1883","Survival",2017-06-01,53415
"1884","Survival",2017-07-01,56987
"1885","Survival",2017-08-01,80422
"1886","Survival",2017-09-01,72078
"1887","Survival",2017-10-01,66240
"1888","Survival",2017-11-01,60765
"1889","Survival",2017-12-01,45576
"1890","Survival",2018-01-01,42747
"1891","Survival",2018-02-01,38535
"1892","Survival",2018-03-01,52051
"1893","Survival",2018-04-01,49191
"1894","Survival",2018-05-01,42713
"1895","Survival",2018-06-01,38963
"1896","Survival",2018-07-01,43065
"1897","Survival",2018-08-01,58371
"1898","Survival",2018-09-01,78846
"1899","Survival",2018-10-01,82246
"1900","Survival",2018-11-01,76409
"1901","Survival",2018-12-01,70450
"1902","Survival",2019-01-01,72331
"1903","Survival",2019-02-01,71595
"1904","Survival",2019-03-01,83809
"1905","Survival",2019-04-01,83869
"1906","Survival",2019-05-01,114133
"1907","Survival",2019-06-01,74846
"1908","Survival",2019-07-01,112700
"1909","Survival",2019-08-01,30111
"1910","TeachingStatistics",2012-10-01,27
"1911","TeachingStatistics",2012-11-01,794
"1912","TeachingStatistics",2012-12-01,723
"1913","TeachingStatistics",2013-01-01,1092
"1914","TeachingStatistics",2013-02-01,1291
"1915","TeachingStatistics",2013-03-01,1758
"1916","TeachingStatistics",2013-04-01,1853
"1917","TeachingStatistics",2013-05-01,1673
"1918","TeachingStatistics",2013-06-01,1573
"1919","TeachingStatistics",2013-07-01,1291
"1920","TeachingStatistics",2013-08-01,1354
"1921","TeachingStatistics",2013-09-01,1739
"1922","TeachingStatistics",2013-10-01,2494
"1923","TeachingStatistics",2013-11-01,3132
"1924","TeachingStatistics",2013-12-01,2221
"1925","TeachingStatistics",2014-01-01,2383
"1926","TeachingStatistics",2014-02-01,3000
"1927","TeachingStatistics",2014-03-01,3717
"1928","TeachingStatistics",2014-04-01,3782
"1929","TeachingStatistics",2014-05-01,3206
"1930","TeachingStatistics",2014-06-01,2553
"1931","TeachingStatistics",2014-07-01,2520
"1932","TeachingStatistics",2014-08-01,2557
"1933","TeachingStatistics",2014-09-01,2777
"1934","TeachingStatistics",2014-10-01,3800
"1935","TeachingStatistics",2014-11-01,4162
"1936","TeachingStatistics",2014-12-01,3851
"1937","TeachingStatistics",2015-01-01,3552
"1938","TeachingStatistics",2015-02-01,4705
"1939","TeachingStatistics",2015-03-01,7675
"1940","TeachingStatistics",2015-04-01,7149
"1941","TeachingStatistics",2015-05-01,5288
"1942","TeachingStatistics",2015-06-01,5625
"1943","TeachingStatistics",2015-07-01,3902
"1944","TeachingStatistics",2015-08-01,3791
"1945","TeachingStatistics",2015-09-01,4257
"1946","TeachingStatistics",2015-10-01,6572
"1947","TeachingStatistics",2015-11-01,7514
"1948","TeachingStatistics",2015-12-01,6315
"1949","TeachingStatistics",2016-01-01,6394
"1950","TeachingStatistics",2016-02-01,9629
"1951","TeachingStatistics",2016-03-01,9619
"1952","TeachingStatistics",2016-04-01,10032
"1953","TeachingStatistics",2016-05-01,9339
"1954","TeachingStatistics",2016-06-01,6878
"1955","TeachingStatistics",2016-07-01,6203
"1956","TeachingStatistics",2016-08-01,6105
"1957","TeachingStatistics",2016-09-01,9428
"1958","TeachingStatistics",2016-10-01,12529
"1959","TeachingStatistics",2016-11-01,13720
"1960","TeachingStatistics",2016-12-01,10956
"1961","TeachingStatistics",2017-01-01,17318
"1962","TeachingStatistics",2017-02-01,14759
"1963","TeachingStatistics",2017-03-01,17191
"1964","TeachingStatistics",2017-04-01,17919
"1965","TeachingStatistics",2017-05-01,14643
"1966","TeachingStatistics",2017-06-01,11133
"1967","TeachingStatistics",2017-07-01,9778
"1968","TeachingStatistics",2017-08-01,9584
"1969","TeachingStatistics",2017-09-01,12341
"1970","TeachingStatistics",2017-10-01,15961
"1971","TeachingStatistics",2017-11-01,17790
"1972","TeachingStatistics",2017-12-01,14364
"1973","TeachingStatistics",2018-01-01,13167
"1974","TeachingStatistics",2018-02-01,12599
"1975","TeachingStatistics",2018-03-01,21229
"1976","TeachingStatistics",2018-04-01,20728
"1977","TeachingStatistics",2018-05-01,17316
"1978","TeachingStatistics",2018-06-01,17235
"1979","TeachingStatistics",2018-07-01,23691
"1980","TeachingStatistics",2018-08-01,40881
"1981","TeachingStatistics",2018-09-01,56152
"1982","TeachingStatistics",2018-10-01,54794
"1983","TeachingStatistics",2018-11-01,49774
"1984","TeachingStatistics",2018-12-01,48272
"1985","TeachingStatistics",2019-01-01,46575
"1986","TeachingStatistics",2019-02-01,45982
"1987","TeachingStatistics",2019-03-01,53095
"1988","TeachingStatistics",2019-04-01,41034
"1989","TeachingStatistics",2019-05-01,39899
"1990","TeachingStatistics",2019-06-01,28557
"1991","TeachingStatistics",2019-07-01,20977
"1992","TeachingStatistics",2019-08-01,7450
"1993","TimeSeries",2012-10-01,2175
"1994","TimeSeries",2012-11-01,24725
"1995","TimeSeries",2012-12-01,26365
"1996","TimeSeries",2013-01-01,42052
"1997","TimeSeries",2013-02-01,50477
"1998","TimeSeries",2013-03-01,65310
"1999","TimeSeries",2013-04-01,70774
"2000","TimeSeries",2013-05-01,68716
"2001","TimeSeries",2013-06-01,70681
"2002","TimeSeries",2013-07-01,65241
"2003","TimeSeries",2013-08-01,66842
"2004","TimeSeries",2013-09-01,87790
"2005","TimeSeries",2013-10-01,87965
"2006","TimeSeries",2013-11-01,96427
"2007","TimeSeries",2013-12-01,79359
"2008","TimeSeries",2014-01-01,100272
"2009","TimeSeries",2014-02-01,113832
"2010","TimeSeries",2014-03-01,149070
"2011","TimeSeries",2014-04-01,169880
"2012","TimeSeries",2014-05-01,131092
"2013","TimeSeries",2014-06-01,131216
"2014","TimeSeries",2014-07-01,130581
"2015","TimeSeries",2014-08-01,158002
"2016","TimeSeries",2014-09-01,147693
"2017","TimeSeries",2014-10-01,208494
"2018","TimeSeries",2014-11-01,207524
"2019","TimeSeries",2014-12-01,174741
"2020","TimeSeries",2015-01-01,229316
"2021","TimeSeries",2015-02-01,230878
"2022","TimeSeries",2015-03-01,292794
"2023","TimeSeries",2015-04-01,384339
"2024","TimeSeries",2015-05-01,318352
"2025","TimeSeries",2015-06-01,342947
"2026","TimeSeries",2015-07-01,299104
"2027","TimeSeries",2015-08-01,312901
"2028","TimeSeries",2015-09-01,319188
"2029","TimeSeries",2015-10-01,339742
"2030","TimeSeries",2015-11-01,1042290
"2031","TimeSeries",2015-12-01,1213998
"2032","TimeSeries",2016-01-01,430619
"2033","TimeSeries",2016-02-01,422550
"2034","TimeSeries",2016-03-01,475507
"2035","TimeSeries",2016-04-01,433869
"2036","TimeSeries",2016-05-01,531404
"2037","TimeSeries",2016-06-01,501870
"2038","TimeSeries",2016-07-01,471041
"2039","TimeSeries",2016-08-01,400965
"2040","TimeSeries",2016-09-01,462684
"2041","TimeSeries",2016-10-01,578144
"2042","TimeSeries",2016-11-01,652437
"2043","TimeSeries",2016-12-01,515968
"2044","TimeSeries",2017-01-01,562110
"2045","TimeSeries",2017-02-01,603620
"2046","TimeSeries",2017-03-01,722473
"2047","TimeSeries",2017-04-01,786896
"2048","TimeSeries",2017-05-01,763221
"2049","TimeSeries",2017-06-01,692272
"2050","TimeSeries",2017-07-01,675917
"2051","TimeSeries",2017-08-01,708066
"2052","TimeSeries",2017-09-01,998433
"2053","TimeSeries",2017-10-01,864492
"2054","TimeSeries",2017-11-01,917972
"2055","TimeSeries",2017-12-01,779726
"2056","TimeSeries",2018-01-01,790698
"2057","TimeSeries",2018-02-01,702783
"2058","TimeSeries",2018-03-01,1010279
"2059","TimeSeries",2018-04-01,1128890
"2060","TimeSeries",2018-05-01,1070911
"2061","TimeSeries",2018-06-01,938360
"2062","TimeSeries",2018-07-01,886971
"2063","TimeSeries",2018-08-01,912951
"2064","TimeSeries",2018-09-01,1353778
"2065","TimeSeries",2018-10-01,1588011
"2066","TimeSeries",2018-11-01,1606974
"2067","TimeSeries",2018-12-01,1341197
"2068","TimeSeries",2019-01-01,1637823
"2069","TimeSeries",2019-02-01,1561206
"2070","TimeSeries",2019-03-01,1670372
"2071","TimeSeries",2019-04-01,1704138
"2072","TimeSeries",2019-05-01,1895281
"2073","TimeSeries",2019-06-01,1481028
"2074","TimeSeries",2019-07-01,1688573
"2075","TimeSeries",2019-08-01,491145
